risk_label,score
supply chain disruption,0.2930002808570862
financial instability,0.1948496401309967
legal exposure,0.19237439334392548
regulatory non-compliance,0.1776612251996994
cybersecurity risk,0.14211449027061462
