risk_label,score
supply chain disruption,0.3151841163635254
legal exposure,0.18605943024158478
financial instability,0.18501222133636475
regulatory non-compliance,0.1627832055091858
cybersecurity risk,0.1509610265493393
