risk_label,score
financial instability,0.24157769978046417
legal exposure,0.21489863097667694
supply chain disruption,0.19781720638275146
cybersecurity risk,0.17719414830207825
regulatory non-compliance,0.16851237416267395
