risk_label,score
supply chain disruption,0.22056840360164642
legal exposure,0.20161280035972595
cybersecurity risk,0.20137305557727814
financial instability,0.1931014358997345
regulatory non-compliance,0.18334431946277618
