risk_label,score
supply chain disruption,0.2515602111816406
cybersecurity risk,0.2146862894296646
financial instability,0.21343626081943512
legal exposure,0.18971626460552216
regulatory non-compliance,0.1306009441614151
